Survived,SibSp,Parch,Cabin_No,Cabin_Yes,Embarked_C,Embarked_Q,Embarked_S,Sex_female,Sex_male,Pclass_1,Pclass_2,Pclass_3,Age_scaled,Fare_scaled
0,1,0,1,0,0,0,1,0,1,0,0,1,-0.561721498,-0.502445171
1,1,0,0,1,1,0,0,1,0,1,0,0,0.612381013,0.786845294
1,0,0,1,0,0,0,1,1,0,0,0,1,-0.26819587,-0.488854258
1,1,0,0,1,0,0,1,1,0,1,0,0,0.392236792,0.420730236
0,0,0,1,0,0,0,1,0,1,0,0,1,0.392236792,-0.486337422
0,0,0,1,0,0,1,0,0,1,0,0,1,-0.478063915,-0.478116429
0,0,0,0,1,0,0,1,0,1,1,0,0,1.786483524,0.395813561
0,3,1,1,0,0,0,1,0,1,0,0,1,-2.029349637,-0.224083121
1,0,2,1,0,0,0,1,1,0,0,0,1,-0.194814463,-0.424256141
1,1,0,1,0,1,0,0,1,0,0,1,0,-1.148772754,-0.042955502
1,1,1,0,1,0,0,1,1,0,0,0,1,-1.882586823,-0.312172378
1,0,0,0,1,0,0,1,1,0,1,0,0,2.080009152,-0.113845709
0,0,0,1,0,0,0,1,0,1,0,0,1,-0.708484312,-0.486337422
0,1,5,1,0,0,0,1,0,1,0,0,1,0.68576242,-0.018709312
0,0,0,1,0,0,0,1,1,0,0,0,1,-1.148772754,-0.490279793
1,0,0,1,0,0,0,1,1,0,0,1,0,1.859864931,-0.326266659
0,4,1,1,0,0,1,0,0,1,0,0,1,-2.029349637,-0.061998889
1,0,0,1,0,0,0,1,0,1,0,1,0,0.178289509,-0.38667072
0,1,0,1,0,0,0,1,1,0,0,0,1,0.098711164,-0.285997284
1,0,0,1,0,1,0,0,1,0,0,0,1,0.008993116,-0.502948539
0,0,0,1,0,0,0,1,0,1,0,1,0,0.392236792,-0.124919787
1,0,0,0,1,0,0,1,0,1,0,1,0,0.318855385,-0.38667072
1,0,0,1,0,0,1,0,1,0,0,0,1,-1.075391347,-0.486756223
1,0,0,0,1,0,0,1,0,1,1,0,0,-0.121433057,0.066359742
0,3,1,1,0,0,0,1,1,0,0,0,1,-1.589061195,-0.224083121
1,1,5,1,0,0,0,1,1,0,0,0,1,0.612381013,-0.016444159
0,0,0,1,0,1,0,0,0,1,0,0,1,0.008993116,-0.502948539
0,3,2,0,1,0,0,1,0,1,1,0,0,-0.781865719,4.647001077
1,0,0,1,0,0,1,0,1,0,0,0,1,-0.556259897,-0.489776426
0,0,0,1,0,0,0,1,0,1,0,0,1,-0.130785677,-0.48944219
0,0,0,1,0,1,0,0,0,1,1,0,0,0.759143827,-0.090272017
1,1,0,0,1,1,0,0,1,0,1,0,0,0.496700117,2.301728821
1,0,0,1,0,0,1,0,1,0,0,0,1,0.433007703,-0.492377828
0,0,0,1,0,0,0,1,0,1,0,1,0,2.667060407,-0.437007438
0,1,0,1,0,1,0,0,0,1,1,0,0,-0.121433057,1.0060617
0,1,0,1,0,0,0,1,0,1,1,0,0,0.905906641,0.39858208
1,0,0,1,0,1,0,0,0,1,0,0,1,-0.500576315,-0.502863973
0,0,0,1,0,0,0,1,0,1,0,0,1,-0.635102905,-0.486337422
0,2,0,1,0,0,0,1,1,0,0,0,1,-0.855247126,-0.285997284
1,1,0,1,0,1,0,0,1,0,0,0,1,-1.148772754,-0.422073541
0,1,0,1,0,0,0,1,1,0,0,0,1,0.759143827,-0.457645492
0,1,0,1,0,0,0,1,1,0,0,1,0,-0.194814463,-0.225593223
0,0,0,1,0,1,0,0,0,1,0,0,1,-0.130785677,-0.48944219
1,1,2,1,0,1,0,0,1,0,0,1,0,-1.95596823,0.188762532
1,0,0,1,0,0,1,0,1,0,0,0,1,-0.781865719,-0.489776426
0,0,0,1,0,0,0,1,0,1,0,0,1,0.084094691,-0.486337422
0,1,0,1,0,0,1,0,0,1,0,0,1,0.261371536,-0.336334002
1,0,0,1,0,0,1,0,1,0,0,0,1,0.433007703,-0.492377828
0,2,0,1,0,1,0,0,0,1,0,0,1,-0.500791999,-0.211917743
0,1,0,1,0,0,0,1,1,0,0,0,1,-0.855247126,-0.290024222
0,4,1,1,0,0,0,1,0,1,0,0,1,-1.662442602,0.150673744
0,0,0,1,0,0,0,1,0,1,0,0,1,-0.635102905,-0.491371093
1,1,0,0,1,1,0,0,1,0,1,0,0,1.419576489,0.896496787
1,1,0,1,0,0,0,1,1,0,0,1,0,-0.04805165,-0.124919787
0,0,1,0,1,1,0,0,0,1,1,0,0,2.593679001,0.599510151
1,0,0,0,1,0,0,1,0,1,1,0,0,1.144628733,0.066359742
1,0,0,1,0,0,0,1,1,0,0,1,0,-0.635102905,-0.437007438
0,0,0,1,0,1,0,0,0,1,0,0,1,-0.084742353,-0.502863973
1,1,2,1,0,0,0,1,1,0,0,1,0,-1.809205416,-0.089684084
0,5,2,1,0,0,0,1,0,1,0,0,1,-1.368916975,0.295895176
0,0,0,1,0,1,0,0,0,1,0,0,1,-0.561721498,-0.502863973
1,0,0,0,1,0,0,0,1,0,1,0,0,0.612381013,0.962353321
0,1,0,0,1,0,0,1,0,1,1,0,0,1.126050862,1.032321359
0,3,2,1,0,0,0,1,0,1,0,0,1,-1.882586823,-0.086663881
0,0,0,1,0,1,0,0,0,1,1,0,0,0.810848017,-0.090272017
1,1,1,1,0,1,0,0,0,1,0,0,1,-0.880759395,-0.34145224
1,0,0,0,1,0,0,1,1,0,0,1,0,-0.04805165,-0.437007438
0,0,0,1,0,0,0,1,0,1,0,0,1,-0.781865719,-0.484156835
1,4,2,1,0,0,0,1,1,0,0,0,1,-0.928628533,-0.488854258
0,2,0,1,0,0,0,1,0,1,0,0,1,-0.26819587,-0.474004926
0,0,0,1,0,0,0,1,0,1,0,1,0,0.172092571,-0.437007438
0,5,2,1,0,0,0,1,1,0,0,0,1,-1.00200994,0.295895176
0,0,0,1,0,0,0,1,0,1,0,1,0,-0.635102905,0.831477855
0,1,0,1,0,1,0,0,0,1,0,0,1,-0.26819587,-0.357390858
1,0,0,1,0,0,0,1,0,1,0,0,1,0.172092571,0.489103607
0,0,0,0,1,0,0,1,0,1,0,0,1,-0.341577277,-0.494391297
0,0,0,1,0,0,0,1,0,1,0,0,1,-0.130785677,-0.48944219
0,0,0,1,0,0,0,1,0,1,0,0,1,0.084094691,-0.486337422
1,0,2,1,0,0,0,1,0,1,0,1,0,-2.115205883,-0.064515725
1,0,0,1,0,0,0,1,1,0,0,0,1,0.025329757,-0.397241431
0,0,0,1,0,0,0,1,0,1,0,0,1,-0.561721498,-0.467209469
1,0,0,1,0,0,0,1,0,1,0,0,1,-0.04805165,-0.457142125
1,0,0,1,0,0,1,0,1,0,0,0,1,-0.458966996,-0.491622777
0,0,0,1,0,0,0,1,0,1,1,0,0,-0.121433057,0.299922113
1,0,0,1,0,0,0,1,1,0,0,1,0,-0.928628533,-0.437007438
1,3,0,1,0,0,0,1,1,0,0,0,1,0.245473978,-0.329286862
0,1,3,1,0,0,0,1,0,1,0,0,1,-1.00200994,0.043708218
0,0,0,1,0,0,0,1,0,1,0,0,1,0.084094691,-0.486337422
1,3,2,0,1,0,0,1,1,0,1,0,0,-0.488340091,4.647001077
0,0,0,1,0,0,0,1,0,1,0,0,1,-0.414958684,-0.486337422
0,0,0,1,0,0,0,1,0,1,0,0,1,-0.04805165,-0.486337422
0,0,0,1,0,0,0,1,0,1,0,0,1,-0.708484312,-0.490279793
0,1,0,0,1,0,0,1,0,1,1,0,0,1.199432269,0.583317835
0,1,2,1,0,0,0,1,0,1,0,0,1,-0.26819587,-0.234150465
0,0,0,1,0,0,0,1,0,1,0,0,1,2.153390559,-0.502445171
0,0,0,1,0,0,0,1,0,1,0,0,1,0.084094691,-0.486337422
0,0,0,0,1,1,0,0,0,1,1,0,0,3.033967442,0.049329823
1,0,1,0,1,1,0,0,0,1,1,0,0,-0.488340091,0.627277898
1,0,1,1,0,0,0,1,1,0,0,1,0,0.318855385,-0.185323848
0,1,0,1,0,0,0,1,0,1,0,1,0,0.318855385,-0.124919787
0,0,0,1,0,0,0,1,1,0,0,0,1,-0.121433057,-0.48944219
0,0,0,1,0,0,0,1,0,1,0,0,1,-0.130785677,-0.48944219
0,0,1,0,1,0,0,1,0,1,1,0,0,-0.635102905,0.907737982
0,0,0,1,0,0,0,1,0,1,0,0,1,0.245473978,-0.474172044
0,2,0,1,0,0,0,1,0,1,0,0,1,0.538999606,-0.488854258
0,0,0,1,0,0,0,1,0,1,0,0,1,-0.121433057,-0.48944219
1,0,0,1,0,0,0,1,1,0,0,0,1,-0.635102905,-0.494391297
1,0,0,1,0,0,0,1,0,1,0,0,1,-0.148689639,-0.491874461
0,0,0,1,0,0,0,1,0,1,0,0,1,0.612381013,-0.48944219
1,1,0,1,0,0,1,0,1,0,0,0,1,0.256945938,-0.162168958
0,0,0,0,1,0,0,1,0,1,1,0,0,1.272813675,0.39858208
0,1,0,1,0,1,0,0,1,0,0,0,1,-1.11208205,-0.357390858
0,0,0,1,0,0,0,1,0,1,0,0,1,-0.561721498,-0.486337422
0,1,0,1,0,0,0,1,1,0,0,0,1,-0.708484312,-0.450598352
0,0,0,1,0,1,0,0,1,0,0,0,1,-0.928628533,-0.357308306
0,0,0,1,0,0,0,1,0,1,0,0,1,-0.635102905,-0.488854258
0,0,0,1,0,0,1,0,0,1,0,0,1,2.997276739,-0.492377828
0,1,0,1,0,0,0,1,0,1,0,1,0,-0.04805165,-0.225593223
0,0,1,0,1,1,0,0,0,1,1,0,0,-0.414958684,4.335332227
0,4,2,1,0,0,0,1,1,0,0,0,1,-2.029349637,-0.018709312
0,2,0,1,0,0,0,1,0,1,0,1,0,-0.635102905,0.831477855
0,0,0,1,0,0,0,1,0,1,0,0,1,0.084094691,-0.486337422
0,1,0,1,0,1,0,0,0,1,0,1,0,0.208783275,-0.042955502
1,0,0,0,1,0,0,1,1,0,0,1,0,0.208783275,-0.38667072
0,0,1,0,1,0,0,1,0,1,1,0,0,1.786483524,0.907737982
1,1,0,1,0,1,0,0,0,1,0,0,1,-1.295535568,-0.422073541
0,0,0,1,0,0,1,0,0,1,0,0,1,0.433007703,-0.492377828
1,0,0,1,0,0,0,1,0,1,0,0,1,-0.414958684,-0.504625758
1,1,1,0,1,1,0,0,1,0,0,0,1,-0.272121776,-0.198244277
0,0,0,1,0,0,0,1,0,1,0,0,1,1.126050862,-0.50798221
0,0,0,1,0,1,0,0,0,1,0,0,1,0.245473978,-0.48944219
0,0,0,1,0,0,0,1,0,1,0,0,1,-0.708484312,-0.506472109
0,1,0,1,0,0,0,1,1,0,0,0,1,1.272813675,-0.356468689
1,1,0,1,0,0,0,1,1,0,0,1,0,-0.04805165,-0.124919787
0,0,0,1,0,0,0,1,0,1,0,1,0,-0.341577277,-0.38667072
0,0,0,1,0,1,0,0,0,1,0,1,0,-0.488340091,-0.345479177
1,0,2,0,1,0,0,1,1,0,1,0,0,-0.781865719,-0.11921563
0,1,0,0,1,0,0,1,0,1,1,0,0,0.538999606,0.420730236
0,0,0,1,0,0,0,1,0,1,0,0,1,-1.00200994,-0.462846282
0,0,0,0,1,1,0,0,0,1,1,0,0,-0.414958684,0.946245572
0,0,2,1,0,1,0,0,1,0,0,0,1,-0.341980875,-0.34145224
1,0,0,1,0,0,0,1,1,0,0,0,1,-0.561721498,-0.492377828
1,1,0,1,0,0,0,1,1,0,0,0,1,-0.414958684,-0.329286862
0,0,0,1,0,0,1,0,0,1,0,0,1,-0.781865719,-0.512512515
0,0,0,1,0,0,0,1,0,1,0,1,0,-0.855247126,-0.416872751
0,1,1,1,0,0,0,1,0,1,0,1,0,-0.781865719,0.091528101
1,0,0,1,0,0,0,1,0,1,0,0,1,-0.194814463,-0.491455659
0,2,2,1,0,0,0,1,1,0,0,0,1,-1.515679789,0.043708218
0,0,2,0,1,0,0,1,0,1,0,1,0,0.502308903,-0.124919787
0,0,0,1,0,0,0,1,0,1,0,1,0,0.905906641,-0.38667072
0,0,0,1,0,0,0,1,0,1,0,1,0,1.566339303,-0.396234697
1,1,0,0,1,0,0,1,1,0,1,0,0,-0.561721498,0.692548513
0,0,0,1,0,0,0,1,0,1,0,0,1,1.896555635,-0.486337422
0,0,2,1,0,0,0,1,0,1,0,0,1,0.79583453,-0.356468689
0,0,0,1,0,0,0,1,0,1,0,0,1,-0.005708034,-0.501186753
0,0,1,1,0,1,0,0,0,1,1,0,0,1.566339303,0.587429338
1,0,0,1,0,0,1,0,1,0,0,0,1,-1.00200994,-0.492714077
0,0,0,1,0,0,0,1,0,1,0,0,1,0.025329757,-0.486337422
0,0,0,1,0,0,0,1,0,1,0,0,1,-0.293675114,-0.474004926
0,8,2,1,0,0,0,1,0,1,0,0,1,-1.378926363,0.75194584
0,0,1,1,0,0,0,1,0,1,0,0,1,1.052669455,-0.32425319
1,0,0,1,0,0,0,1,1,0,0,1,0,0.759143827,-0.33130033
0,0,0,1,0,0,0,1,0,1,0,0,1,-0.26819587,-0.491874461
0,0,0,1,0,0,0,1,0,1,0,0,1,-0.928628533,-0.474004926
0,4,1,1,0,0,0,1,0,1,0,0,1,-2.102731044,0.150673744
1,0,2,1,0,0,0,1,0,1,0,0,1,-1.515679789,-0.235157199
1,0,1,0,1,0,0,1,1,0,1,0,0,-0.28536712,0.458986142
0,1,4,1,0,0,0,1,1,0,0,0,1,1.126050862,-0.086663881
0,0,0,1,0,0,0,1,0,1,1,0,0,1.428515917,-0.126429888
0,0,0,1,0,0,0,1,0,1,0,0,1,-0.121433057,0.489103607
0,0,0,0,1,0,0,1,0,1,1,0,0,2.300153373,0.026090367
0,4,1,1,0,0,1,0,0,1,0,0,1,-1.882586823,-0.061998889
1,1,1,1,0,0,0,1,1,0,0,0,1,-2.102731044,-0.424256141
0,0,0,1,0,0,0,1,0,1,0,0,1,-0.635102905,-0.488854258
0,0,0,0,1,1,0,0,0,1,1,0,0,1.933246338,-0.030371323
0,1,1,1,0,0,0,1,0,1,0,0,1,-0.855247126,-0.490279793
0,3,1,1,0,0,0,1,0,1,0,0,1,-1.648820305,-0.135657615
0,0,0,0,1,1,0,0,1,0,1,0,0,1.492957896,-0.070304448
0,0,0,1,0,0,0,1,0,1,0,1,0,0.025329757,-0.38667072
0,0,0,1,0,0,0,1,0,1,0,0,1,0.465618199,-0.648421654
0,8,2,1,0,0,0,1,1,0,0,0,1,-1.378926363,0.75194584
0,0,0,1,0,1,0,0,0,1,0,1,0,0.152174761,-0.345394611
0,4,2,1,0,0,0,1,0,1,0,0,1,-1.515679789,-0.016444159
1,2,1,0,1,0,0,1,0,1,0,1,0,-2.102731044,0.136831147
1,0,2,1,0,0,0,1,1,0,0,0,1,-1.882586823,-0.204955168
0,0,0,0,1,0,0,1,0,1,1,0,0,1.240489166,0.358312706
1,1,0,1,0,0,1,0,1,0,0,0,1,0.261371536,-0.336334002
1,0,0,1,0,0,0,1,0,1,1,0,0,1.126050862,-0.113845709
0,1,1,1,0,0,1,0,0,1,0,0,1,0.759143827,-0.336334002
0,0,0,1,0,0,0,1,0,1,0,0,1,0.465618199,-0.48944219
1,0,0,1,0,0,0,1,1,0,0,1,0,0.172092571,-0.38667072
0,0,0,1,0,0,0,1,0,1,0,1,0,-0.781865719,-0.38667072
1,1,0,1,0,0,0,1,1,0,0,0,1,-0.781865719,-0.490279793
1,1,1,0,1,0,0,1,0,1,0,1,0,-1.95596823,-0.124919787
1,0,0,0,1,1,0,0,1,0,1,0,0,1.052669455,-0.090272017
1,0,0,0,1,1,0,0,1,0,1,0,0,2.080009152,2.301728821
0,0,0,1,0,0,1,0,0,1,0,0,1,0.433007703,-0.492377828
0,0,1,1,0,0,0,1,0,1,0,0,1,0.905906641,-0.479205715
1,0,0,1,0,0,1,0,1,0,0,0,1,0.433007703,-0.492377828
0,0,0,1,0,0,0,1,1,0,0,1,0,-0.414958684,-0.38667072
0,0,0,1,0,0,0,1,0,1,0,0,1,-0.121433057,-0.457142125
0,8,2,1,0,0,0,1,0,1,0,0,1,-1.378926363,0.75194584
0,0,0,1,0,0,0,1,0,1,0,0,1,0.318855385,-0.517630753
0,0,0,1,0,1,0,0,0,1,0,0,1,1.162741565,-0.502948539
1,0,0,1,0,0,0,1,0,1,0,0,1,-0.855247126,-0.486337422
0,0,1,0,1,0,0,1,1,0,0,0,1,-2.029349637,-0.437762489
0,1,0,1,0,0,0,1,0,1,0,0,1,0.172092571,-0.329286862
1,0,0,1,0,1,0,0,0,1,0,0,1,-0.26819587,-0.270141218
1,0,0,1,0,0,1,0,1,0,0,0,1,-1.00200994,-0.492377828
1,0,0,0,1,1,0,0,0,1,1,0,0,0.759143827,-0.024246351
0,0,0,1,0,0,0,1,0,1,0,0,1,-0.414958684,-0.506472109
1,0,0,1,0,0,0,1,1,0,0,1,0,0.392236792,-0.225593223
0,0,0,1,0,0,0,1,0,1,0,0,1,-0.561721498,-0.502445171
0,0,0,1,0,0,0,1,0,1,0,1,0,0.025329757,-0.38667072
0,1,0,1,0,0,1,0,0,1,0,0,1,0.155274526,-0.492377828
1,1,0,0,1,1,0,0,1,0,1,0,0,0.098711164,1.632335038
1,0,0,1,0,0,0,1,1,0,0,0,1,-0.194814463,-0.488854258
0,1,0,1,0,0,0,1,0,1,0,1,0,0.905906641,-0.1047851
1,0,0,0,1,1,0,0,1,0,1,0,0,0.172092571,0.887687861
0,0,0,1,0,0,0,1,0,1,0,1,0,0.025329757,-0.437007438
1,0,0,1,0,0,0,1,0,1,0,0,1,-1.00200994,-0.486337422
0,0,0,1,0,0,0,1,0,1,0,1,0,-0.194814463,-0.38667072
0,0,0,1,0,0,0,1,0,1,0,0,1,1.566339303,-0.486337422
0,0,0,1,0,0,0,1,0,1,0,0,1,-0.130785677,-0.48944219
1,1,0,0,1,0,0,1,0,1,1,0,0,0.612381013,1.163700193
0,0,0,1,0,0,0,1,0,1,0,0,1,-0.561721498,-0.460162328
1,0,0,1,0,0,0,1,0,1,0,1,0,-0.781865719,-0.437007438
0,0,0,1,0,0,0,1,0,1,0,0,1,-0.671793609,-0.502445171
0,0,0,1,0,0,0,1,0,1,0,1,0,-0.855247126,-0.38667072
0,3,1,1,0,0,0,1,1,0,0,0,1,-1.648820305,-0.135657615
1,1,0,0,1,0,0,1,1,0,1,0,0,0.392236792,1.032321359
0,0,0,1,0,0,0,1,0,1,0,0,1,-0.04805165,-0.491874461
0,0,0,1,0,0,0,1,0,1,0,1,0,2.153390559,-0.376603377
1,4,2,1,0,0,0,1,1,0,0,0,1,-1.809205416,-0.016444159
0,0,0,1,0,0,0,1,0,1,0,1,0,-0.414958684,-0.437007438
0,0,0,1,0,0,0,1,1,0,0,0,1,0.145626344,-0.496404765
0,1,0,1,0,0,0,1,0,1,0,1,0,1.052669455,-0.124919787
1,0,2,1,0,0,0,1,1,0,0,1,0,-1.589061195,-0.119886115
0,0,0,1,0,0,0,1,0,1,0,1,0,-0.781865719,-0.437007438
0,0,0,1,0,0,0,1,0,1,0,1,0,0.245473978,-0.401268368
0,1,0,1,0,1,0,0,1,0,0,0,1,-0.660985271,-0.357390858
1,1,0,1,0,0,1,0,1,0,0,0,1,0.261371536,-0.336334002
0,0,0,1,0,0,0,1,0,1,0,1,0,-0.04805165,-0.437007438
0,0,0,1,0,0,0,1,0,1,0,0,1,-0.561721498,-0.504962007
0,0,0,1,0,1,0,0,0,1,0,0,1,0.025329757,-0.502948539
0,2,0,0,1,0,1,0,0,1,1,0,0,1.052669455,1.163700193
0,0,0,1,0,0,0,1,1,0,0,0,1,-0.341577277,-0.491874461
1,0,2,1,0,0,0,1,1,0,0,1,0,-0.414958684,-0.356468689
1,1,1,0,1,0,0,1,0,1,1,0,0,0.538999606,0.409740724
0,1,0,1,0,0,0,1,0,1,0,1,0,1.786483524,-0.124919787
0,0,0,1,0,0,0,1,0,1,0,0,1,-0.005708034,-0.502445171
0,1,1,0,1,0,0,1,1,0,0,0,1,-0.04805165,-0.437762489
0,0,0,0,1,0,0,1,0,1,1,0,0,2.37353478,-0.113845709
0,1,0,1,0,0,0,1,0,1,0,0,1,0.025329757,-0.32425319
0,0,2,1,0,0,0,1,1,0,0,0,1,0.832525234,-0.241449289
1,0,2,1,0,1,0,0,1,0,0,0,1,-0.04805165,-0.34145224
1,0,0,1,0,1,0,0,1,0,1,0,0,0.45529064,0.946245572
1,0,0,0,1,0,0,1,1,0,1,0,0,0.025329757,1.093228788
1,0,0,1,0,1,0,0,1,0,1,0,0,0.392236792,9.667166525
1,0,1,1,0,0,0,1,1,0,0,1,0,1.492957896,-0.124919787
0,0,0,1,0,0,1,0,0,1,0,0,1,0.433007703,-0.492377828
1,4,2,1,0,0,0,1,0,1,0,0,1,-1.95596823,-0.016444159
0,1,1,0,1,0,0,1,0,1,1,0,0,1.63972071,0.955306181
0,0,0,0,1,0,0,1,0,1,1,0,0,0.759143827,-0.648421654
0,0,0,1,0,0,1,0,1,0,0,0,1,0.433007703,-0.492377828
0,0,0,1,0,0,0,1,0,1,0,1,0,0.465618199,-0.437007438
0,4,1,1,0,0,0,1,0,1,0,0,1,-1.00200994,0.150673744
1,1,0,1,0,0,0,1,0,1,0,0,1,-0.341577277,-0.491874461
1,0,1,0,1,0,0,1,1,0,1,0,0,2.080009152,2.441497779
1,0,0,0,1,0,0,1,1,0,1,0,0,0.392236792,2.082512414
0,0,0,1,0,0,0,1,0,1,1,0,0,0.482834292,-0.024246351
1,0,0,1,0,0,0,1,0,1,0,0,1,-0.341577277,-0.648421654
1,0,1,1,0,0,0,1,1,0,0,1,0,0.832525234,-0.255795253
0,0,1,0,1,1,0,0,0,1,1,0,0,0.538999606,-0.050421444
1,0,0,1,0,0,1,0,1,0,0,0,1,0.433007703,-0.492377828
1,1,0,0,1,0,0,1,1,0,1,0,0,2.446916187,0.921244331
0,0,0,1,0,0,0,1,1,0,0,0,1,1.126050862,-0.492377828
0,0,0,1,0,0,0,1,0,1,0,1,0,0.389287607,-0.648421654
0,4,1,1,0,0,1,0,0,1,0,0,1,-1.662442602,-0.061998889
1,1,1,1,0,0,0,1,1,0,0,0,1,0.392236792,-0.240694238
0,0,0,1,0,0,1,0,0,1,0,0,1,2.593679001,-0.492377828
0,0,0,1,0,0,0,1,0,1,0,0,1,-0.121433057,-0.490279793
0,0,0,1,0,0,0,1,0,1,0,0,1,-1.00200994,-0.457142125
1,0,0,1,0,0,0,1,0,1,0,0,1,-0.781865719,-0.486337422
0,0,0,0,1,0,0,1,0,1,1,0,0,2.063149774,-0.124919787
0,0,0,1,0,1,0,0,0,1,0,0,1,0.245473978,-0.474004926
1,0,0,1,0,0,0,1,0,1,0,0,1,0.025329757,-0.457142125
0,0,0,1,0,0,0,1,0,1,0,0,1,-0.561721498,-0.48944219
1,0,0,1,0,0,0,1,0,1,0,1,0,0.905906641,-0.38667072
1,0,0,1,0,0,1,0,1,0,0,0,1,-0.561721498,-0.492377828
1,0,0,1,0,0,0,1,1,0,1,0,0,-0.26819587,0.939198431
1,1,0,0,1,1,0,0,1,0,1,0,0,-0.781865719,1.185429548
0,0,0,0,1,1,0,0,0,1,0,1,0,0.465618199,-0.389187556
0,0,0,1,0,0,0,1,1,0,0,0,1,-0.414958684,-0.470229672
0,0,0,1,0,0,0,1,0,1,0,0,1,-0.414958684,-0.48944219
0,0,0,1,0,1,0,0,0,1,1,0,0,0.810848017,-0.090272017
0,0,0,1,0,1,0,0,0,1,0,0,1,-0.451649388,-0.502863973
0,1,2,0,1,0,0,1,1,0,1,0,0,-2.029349637,2.40299019
1,0,0,0,1,0,0,1,0,1,1,0,0,0.889954815,-0.034313694
1,0,1,0,1,1,0,0,1,0,1,0,0,1.492957896,4.335332227
1,0,0,1,0,0,1,0,1,0,0,0,1,0.433007703,-0.492377828
1,2,0,1,0,0,1,0,0,1,0,0,1,-0.501709266,-0.180290176
0,0,0,1,0,0,0,1,0,1,0,0,1,-0.781865719,-0.648421654
1,0,0,0,1,0,1,0,1,0,0,1,0,0.883488621,-0.399758267
0,0,0,1,0,0,0,1,0,1,0,0,1,0.084094691,-0.486337422
1,1,2,0,1,0,0,1,0,1,1,0,0,-2.108601557,2.40299019
1,0,0,1,0,1,0,0,1,0,1,0,0,-0.018056999,1.584178906
1,1,0,0,1,1,0,0,1,0,1,0,0,-0.928628533,1.544245781
0,1,0,1,0,1,0,0,0,1,0,1,0,0.025329757,-0.165189161
1,0,0,0,1,1,0,0,1,0,1,0,0,0.025329757,0.49782998
1,0,0,0,1,1,0,0,1,0,1,0,0,-0.414958684,1.025944704
1,2,2,0,1,1,0,0,1,0,1,0,0,-0.855247126,4.634416897
0,1,1,1,0,0,0,1,1,0,0,1,0,-0.26819587,-0.124919787
0,0,0,1,0,0,0,1,0,1,0,0,1,-0.121433057,-0.48944219
0,1,1,1,0,0,0,1,0,1,0,1,0,0.979288048,-0.119886115
1,0,0,1,0,0,0,1,1,0,0,0,1,-0.26819587,-0.490279793
1,1,0,1,0,0,0,1,1,0,0,1,0,-0.414958684,-0.124919787
0,0,0,1,0,0,0,1,0,1,0,1,0,1.786483524,-0.366536033
1,0,2,0,1,0,0,1,1,0,1,0,0,0.098711164,2.671117778
1,1,1,0,1,1,0,0,1,0,1,0,0,0.759143827,2.059693773
0,0,0,1,0,0,0,1,0,1,0,0,1,-0.561721498,-0.502445171
0,0,0,1,0,0,0,1,0,1,0,0,1,-0.194814463,-0.48944219
1,0,0,1,0,0,1,0,1,0,0,1,0,0.025329757,-0.399758267
1,1,1,1,0,0,0,1,1,0,0,1,0,-0.561721498,-0.064515725
0,8,2,1,0,0,0,1,0,1,0,0,1,-1.378926363,0.75194584
1,0,0,0,1,1,0,0,1,0,1,0,0,0.465618199,2.082512414
0,0,0,1,0,0,0,1,0,1,0,0,1,2.300153373,-0.522831542
1,0,0,0,1,0,0,1,1,0,0,1,0,0.465618199,-0.38667072
1,1,1,1,0,0,0,1,1,0,0,0,1,0.098711164,-0.235157199
1,0,1,0,1,1,0,0,1,0,1,0,0,-1.00200994,0.518971402
1,2,0,1,0,0,1,0,1,0,0,0,1,-0.501709266,-0.180290176
0,0,0,0,1,0,0,1,0,1,1,0,0,1.162741565,-0.074583069
0,0,1,0,1,0,0,1,0,1,1,0,0,0.612381013,2.441497779
0,2,0,1,0,0,0,1,0,1,0,0,1,-1.00200994,-0.285997284
1,1,0,1,0,0,0,1,1,0,1,0,0,0.151882109,2.042579289
0,0,0,1,0,0,0,1,0,1,0,0,1,-0.130785677,-0.48944219
0,1,0,0,1,0,0,1,0,1,1,0,0,-0.04805165,0.692548513
1,0,0,0,1,1,0,0,1,0,1,0,0,0.832525234,2.059693773
1,0,0,1,0,0,0,1,0,1,0,0,1,1.126050862,-0.486337422
0,0,0,0,1,0,0,1,0,1,1,0,0,1.126050862,0.066359742
1,1,1,0,1,0,0,1,0,1,0,1,0,-2.029349637,-0.124919787
1,3,2,0,1,0,0,1,1,0,1,0,0,-0.414958684,4.647001077
0,0,0,1,0,0,0,1,0,1,0,1,0,-0.121433057,-0.38667072
0,0,0,1,0,0,0,1,0,1,0,1,0,-0.341577277,-0.38667072
0,0,0,1,0,0,0,1,0,1,0,1,0,0.465618199,-0.38667072
1,0,0,0,1,0,0,1,1,0,0,1,0,-0.414958684,-0.38667072
1,0,0,1,0,0,0,1,1,0,0,1,0,0.759143827,-0.38667072
1,1,0,1,0,0,0,1,1,0,0,0,1,-0.211061456,-0.32425319
1,1,1,1,0,0,0,1,0,1,0,0,1,-1.95596823,-0.328280127
0,0,0,1,0,0,0,1,0,1,0,0,1,0.905906641,-0.474004926
0,0,0,1,0,0,0,1,0,1,0,0,1,-0.488340091,-0.462679164
0,0,0,0,1,0,0,1,0,1,1,0,0,2.167418783,0.056292398
0,1,1,1,0,1,0,0,0,1,0,0,1,-1.075391347,-0.502863973
0,1,0,1,0,0,0,1,0,1,0,0,1,-0.341577277,-0.290024222
0,0,0,1,0,1,0,0,0,1,0,0,1,0.008993116,-0.502948539
0,0,0,1,0,0,0,1,0,1,0,0,1,-0.121433057,-0.457142125
1,0,1,0,1,0,0,1,1,0,1,0,0,-0.561721498,0.458986142
0,0,0,1,0,0,0,1,1,0,0,1,0,0.612381013,-0.38667072
1,0,0,1,0,0,1,0,1,0,0,0,1,-0.556259897,-0.489776426
1,0,0,1,0,0,1,0,1,0,0,0,1,-0.556259897,-0.489776426
0,1,4,1,0,0,0,1,0,1,0,0,1,0.759143827,-0.086663881
0,1,0,1,0,1,0,0,0,1,0,1,0,-0.04805165,-0.090272017
0,0,1,1,0,1,0,0,1,0,0,0,1,1.126050862,-0.357390858
0,0,0,1,0,0,0,1,0,1,0,0,1,0.392236792,-0.506472109
0,1,0,1,0,0,1,0,0,1,0,0,1,0.261371536,-0.336334002
0,0,0,1,0,0,0,1,0,1,0,0,1,0.025329757,-0.502445171
1,1,0,0,1,1,0,0,1,0,1,0,0,2.226771966,0.866713557
1,0,0,1,0,1,0,0,1,0,0,0,1,-0.500576315,-0.502863973
1,0,0,1,0,0,1,0,1,0,0,0,1,0.433007703,-0.492377828
1,0,0,0,1,1,0,0,1,0,1,0,0,-0.414958684,0.746912168
1,1,0,0,1,1,0,0,0,1,1,0,0,-0.341577277,0.467879633
0,1,0,1,0,0,0,1,0,1,0,0,1,-0.855247126,-0.517630753
0,0,0,1,0,0,0,1,0,1,0,0,1,-0.781865719,-0.486337422
0,0,0,1,0,1,0,0,0,1,1,0,0,-0.561721498,2.082512414
0,3,1,1,0,0,0,1,1,0,0,0,1,-1.95596823,-0.224083121
1,1,0,1,0,1,0,0,1,0,1,0,0,0.13850529,1.0060617
1,0,0,1,0,0,0,1,1,0,0,0,1,-0.561721498,-0.502445171
0,0,2,0,1,1,0,0,0,1,1,0,0,-0.194814463,3.610064686
0,0,0,1,0,1,0,0,0,1,0,0,1,-0.708484312,-0.567631221
0,0,0,1,0,0,0,1,0,1,0,0,1,-0.781865719,-0.491874461
1,0,0,1,0,1,0,0,1,0,1,0,0,0.905906641,3.932723049
1,0,2,1,0,1,0,0,1,0,0,0,1,-2.102731044,-0.331467448
0,0,0,1,0,0,0,1,0,1,0,0,1,0.172092571,-0.488854258
1,1,0,1,0,0,0,1,1,0,1,0,0,0.392236792,0.39858208
0,0,0,1,0,0,0,1,0,1,0,0,1,-0.130785677,-0.48944219
0,0,0,1,0,0,0,1,0,1,0,1,0,-0.855247126,0.831477855
0,5,2,1,0,0,0,1,0,1,0,0,1,-2.102731044,0.295895176
1,0,0,1,0,0,0,1,1,0,0,1,0,0.465618199,-0.38667072
0,0,0,1,0,0,1,0,0,1,0,0,1,-0.707778686,-0.492796629
1,0,0,1,0,1,0,0,1,0,0,1,0,-0.928628533,-0.406805407
1,1,2,0,1,0,0,1,0,1,1,0,0,0.465618199,1.767740809
1,0,0,1,0,0,0,1,0,1,0,0,1,-0.635102905,-0.491455659
0,2,0,1,0,0,0,1,0,1,0,0,1,-0.121433057,-0.488854258
1,1,0,0,1,1,0,0,1,0,1,0,0,-0.488340091,1.632335038
1,0,2,0,1,0,0,1,1,0,0,0,1,-0.414958684,-0.312172378
0,0,0,1,0,0,0,1,0,1,0,0,1,-0.561721498,-0.491455659
0,0,0,1,0,0,0,1,1,0,0,0,1,0.098711164,-0.490279793
0,0,0,1,0,0,0,1,0,1,0,1,0,1.199432269,-0.124919787
0,0,0,1,0,0,0,1,0,1,0,1,0,-0.488340091,-0.437007438
1,0,0,1,0,0,0,1,1,0,0,1,0,-0.121433057,-0.393717861
1,0,0,1,0,0,0,1,0,1,0,0,1,0.68576242,-0.488854258
0,0,0,1,0,0,0,1,0,1,0,0,1,-0.26819587,-0.486337422
0,1,0,1,0,0,0,1,1,0,0,0,1,-0.635102905,-0.450598352
0,1,0,1,0,0,0,1,0,1,0,0,1,-0.121433057,-0.329286862
0,0,0,1,0,0,0,1,1,0,0,0,1,-0.708484312,-0.474004926
0,1,0,1,0,0,0,1,0,1,0,1,0,0.318855385,-0.225593223
0,0,0,1,0,0,0,1,0,1,0,0,1,1.566339303,-0.492377828
1,1,1,1,0,0,0,1,0,1,0,1,0,-1.95596823,-0.270896269
0,0,0,1,0,0,0,1,0,1,0,0,1,-0.635102905,-0.491874461
0,3,1,1,0,0,0,1,1,0,0,0,1,-1.648820305,-0.135657615
0,0,0,1,0,0,0,1,0,1,0,0,1,-0.130785677,-0.48944219
0,0,0,1,0,0,1,0,0,1,0,0,1,-0.660019387,-0.510331928
1,1,0,0,1,0,1,0,1,0,1,0,0,0.245473978,1.163700193
0,0,0,1,0,0,0,1,0,1,0,1,0,0.389287607,-0.648421654
1,0,0,1,0,0,0,1,0,1,0,0,1,1.052669455,-0.488854258
0,0,0,1,0,0,0,1,1,0,0,0,1,0.084094691,-0.486337422
1,1,1,1,0,0,0,1,1,0,0,1,0,0.318855385,0.00595568
1,0,2,1,0,0,0,1,1,0,0,1,0,-0.855247126,-0.38667072
0,0,0,1,0,0,0,1,0,1,0,1,0,0.025329757,-0.38667072
0,0,2,1,0,0,0,1,1,0,0,0,1,-1.442298382,-0.162168958
0,0,0,1,0,1,0,0,0,1,0,0,1,-0.130785677,-0.48944219
0,0,0,1,0,0,1,0,0,1,0,0,1,-0.635102905,-0.492714077
0,0,0,1,0,0,0,1,0,1,0,0,1,-0.04805165,-0.489860992
0,1,1,1,0,0,0,1,1,0,0,0,1,-0.121433057,-0.358482158
0,1,1,1,0,0,0,1,0,1,0,0,1,-0.855247126,-0.241449289
0,0,0,1,0,0,0,1,0,1,0,0,1,-0.005708034,-0.502445171
1,1,0,1,0,0,0,1,1,0,0,1,0,-0.121433057,-0.124919787
1,0,0,1,0,0,0,1,1,0,0,1,0,-0.781865719,-0.124919787
0,0,0,1,0,0,1,0,0,1,0,0,1,0.433007703,-0.492377828
1,0,0,0,1,0,0,1,0,1,0,0,1,0.172092571,-0.486337422
1,0,0,0,1,0,0,1,0,1,1,0,0,-0.121433057,-0.113845709
1,1,0,1,0,0,0,1,1,0,0,0,1,-0.211061456,-0.32425319
1,1,0,1,0,0,0,1,1,0,0,1,0,0.905906641,-0.124919787
0,0,0,1,0,0,0,1,0,1,0,0,1,-0.928628533,-0.504962007
0,1,0,0,1,0,0,1,0,1,1,0,0,1.492957896,0.47710736
1,1,2,0,1,0,0,1,1,0,1,0,0,-1.148772754,1.767740809
0,2,2,1,0,0,0,1,1,0,0,0,1,-0.635102905,0.043708218
1,2,3,1,0,0,0,1,1,0,0,1,0,-0.414958684,-0.270896269
0,1,4,0,1,0,0,1,0,1,1,0,0,2.520297594,4.647001077
0,0,0,1,0,0,0,1,0,1,0,1,0,0.098711164,-0.437007438
1,1,1,1,0,0,0,1,1,0,0,1,0,1.126050862,-0.119886115
0,0,0,1,0,0,0,1,0,1,0,0,1,-0.708484312,-0.457142125
0,1,0,1,0,0,0,1,0,1,0,0,1,-0.341577277,-0.491874461
1,0,0,1,0,0,0,1,1,0,0,1,0,-0.121433057,-0.38667072
1,0,0,1,0,0,0,1,0,1,0,0,1,-0.424384896,-0.485079004
1,0,2,0,1,0,0,1,0,1,1,0,0,-1.882586823,0.999769611
1,0,1,1,0,0,0,1,1,0,0,1,0,-1.222154161,-0.255795253
1,0,0,1,0,0,0,1,0,1,1,0,0,0.318855385,-0.113845709
1,2,1,1,0,1,0,0,1,0,0,0,1,-1.809205416,-0.260661807
1,0,0,0,1,0,0,1,0,1,1,0,0,1.63972071,-0.034313694
0,1,2,1,0,0,0,1,0,1,0,1,0,0.465618199,-0.089684084
0,1,0,1,0,0,0,1,0,1,0,0,1,-0.309081544,-0.246398395
0,0,0,0,1,1,0,0,0,1,1,0,0,0.025329757,-0.089684084
1,1,0,0,1,1,0,0,0,1,1,0,0,1.419576489,1.14566354
0,0,0,1,0,0,0,1,0,1,0,0,1,0.084094691,-0.486337422
1,0,0,1,0,1,0,0,0,1,0,0,1,-0.04805165,-0.48944219
0,0,0,0,1,0,0,1,0,1,1,0,0,2.593679001,-0.113845709
1,1,0,0,1,0,0,1,1,0,1,0,0,1.109182019,0.395813561
1,0,0,1,0,0,0,1,1,0,0,1,0,1.492957896,-0.437007438
0,0,0,1,0,0,1,0,0,1,0,0,1,0.433007703,-0.492377828
1,0,0,0,1,0,0,1,0,1,1,0,0,1.346195082,-0.113845709
0,0,0,1,0,0,0,1,0,1,0,0,1,0.318855385,-0.486337422
0,0,0,0,1,0,0,1,0,1,1,0,0,1.272813675,0.126763803
0,0,0,1,0,0,0,1,0,1,0,1,0,1.346195082,-0.38667072
0,0,0,1,0,0,0,1,0,1,0,0,1,0.084094691,-0.486337422
0,0,0,1,0,0,0,1,0,1,0,0,1,0.612381013,-0.506472109
0,0,0,1,0,0,0,1,0,1,0,1,0,0.389287607,-0.648421654
0,0,0,1,0,0,0,1,0,1,1,0,0,1.933246338,-0.113845709
0,0,0,1,0,0,1,0,0,1,0,0,1,-0.707778686,-0.492881195
1,2,1,1,0,1,0,0,1,0,0,0,1,-2.121076396,-0.260661807
0,0,0,1,0,0,0,1,0,1,0,0,1,-0.005708034,-0.502445171
0,0,0,1,0,0,0,1,0,1,0,0,1,0.612381013,-0.474004926
1,1,2,1,0,0,0,1,1,0,0,1,0,0.245473978,-0.089684084
1,0,0,0,1,1,0,0,1,0,0,1,0,-0.488340091,-0.370730088
0,0,0,1,0,0,0,1,1,0,0,0,1,-0.561721498,-0.450346668
0,0,0,0,1,0,0,1,0,1,1,0,0,1.092952353,0.39858208
0,1,0,1,0,0,0,1,0,1,0,1,0,0.318855385,-0.225593223
0,1,0,1,0,0,0,1,0,1,0,0,1,-0.04805165,-0.506556675
0,0,0,1,0,0,0,1,0,1,0,0,1,-0.561721498,-0.496992698
1,0,1,1,0,0,0,1,1,0,0,0,1,-2.029349637,-0.401016685
0,5,2,1,0,0,0,1,0,1,0,0,1,-1.515679789,0.295895176
0,0,0,1,0,0,0,1,0,1,0,1,0,0.389287607,-0.648421654
0,0,0,1,0,0,0,1,0,1,0,0,1,1.492957896,-0.486337422
1,0,0,1,0,0,0,1,1,0,0,0,1,2.446916187,-0.45538034
1,1,0,0,1,1,0,0,0,1,1,0,0,-0.341577277,1.185429548
0,3,1,1,0,0,0,1,1,0,0,0,1,-1.648820305,-0.135657615
1,1,0,0,1,0,0,1,1,0,1,0,0,0.392236792,1.163700193
0,0,0,0,1,1,0,0,0,1,1,0,0,2.080009152,-0.050421444
0,0,0,1,0,0,0,1,0,1,0,0,1,0.025329757,-0.486337422
1,1,1,1,0,0,0,1,0,1,0,0,1,-1.515679789,-0.328280127
0,1,0,1,0,0,0,1,0,1,0,0,1,-0.309081544,-0.246398395
0,0,0,1,0,0,0,1,0,1,0,0,1,-0.635102905,-0.502445171
0,0,0,0,1,0,0,1,0,1,1,0,0,1.859864931,-0.034313694
0,0,0,1,0,1,0,0,0,1,1,0,0,3.033967442,0.348329928
0,0,0,1,0,0,0,1,0,1,0,0,1,-0.635102905,-0.486337422
0,0,0,1,0,1,0,0,0,1,0,0,1,-0.86720218,-0.357308306
1,1,0,0,1,1,0,0,1,0,1,0,0,1.786483524,0.927453868
0,0,0,1,0,0,0,1,0,1,0,0,1,-0.225787532,-0.344387877
0,1,2,0,1,0,0,1,1,0,1,0,0,-0.341577277,2.40299019
0,0,0,1,0,0,0,1,0,1,0,0,1,-0.414958684,-0.491455659
0,0,0,1,0,0,0,1,0,1,0,0,1,-0.928628533,-0.474004926
0,0,0,1,0,0,1,0,1,0,0,0,1,-0.635102905,-0.492377828
0,0,0,1,0,0,1,0,1,0,0,0,1,-0.186422564,-0.494810098
0,0,0,1,0,0,0,1,1,0,0,0,1,0.538999606,-0.45538034
1,0,0,0,1,0,0,1,1,0,1,0,0,-1.00200994,1.093228788
0,1,0,0,1,1,0,0,0,1,1,0,0,-0.855247126,1.544245781
1,0,2,1,0,0,0,1,1,0,0,1,0,0.245473978,-0.124919787
1,0,0,1,0,0,0,1,0,1,1,0,0,1.486674302,-0.113845709
0,0,0,1,0,0,0,1,0,1,0,0,1,-0.121433057,-0.194887825
1,0,0,1,0,0,0,1,0,1,0,0,1,-0.26819587,0.489103607
1,0,0,1,0,0,1,0,0,1,0,0,1,-0.04805165,-0.492377828
0,0,0,1,0,0,0,1,0,1,0,0,1,0.084094691,-0.486337422
1,0,0,0,1,0,0,1,0,1,1,0,0,0.465618199,-0.119131064
1,1,0,1,0,1,0,0,1,0,1,0,0,1.786483524,0.547578765
0,0,0,1,0,0,0,1,0,1,0,0,1,-0.414958684,-0.497496065
0,0,0,0,1,0,0,1,0,1,1,0,0,1.272813675,0.036576512
1,0,0,0,1,0,0,1,1,0,0,1,0,0.318855385,-0.437007438
0,0,0,1,0,0,1,0,0,1,0,0,1,0.246209831,-0.162168958
1,1,0,1,0,0,0,1,1,0,0,1,0,0.465618199,-0.124919787
0,0,0,1,0,0,0,1,0,1,0,0,1,0.172092571,-0.48944219
1,0,0,0,1,0,0,1,1,0,1,0,0,0.025329757,1.234171598
0,0,0,1,0,0,0,1,0,1,0,0,1,-0.561721498,-0.48944219
0,0,0,1,0,1,0,0,0,1,0,0,1,0.008993116,-0.502948539
1,0,1,0,1,1,0,0,1,0,1,0,0,1.052669455,0.518971402
0,0,0,1,0,1,0,0,0,1,0,0,1,-0.500576315,-0.502863973
0,0,0,1,0,0,1,0,0,1,0,0,1,0.79583453,-0.492377828
1,0,0,1,0,0,0,1,1,0,0,1,0,1.492957896,-0.437007438
0,0,0,0,1,0,0,1,0,1,1,0,0,0.648154449,3.817033163
0,0,0,1,0,0,0,1,0,1,0,0,1,0.68576242,-0.488854258
0,2,1,1,0,0,0,1,0,1,0,1,0,-0.488340091,-0.416872751
1,1,1,1,0,0,0,1,1,0,0,1,0,-2.029349637,-0.124919787
0,0,0,1,0,1,0,0,0,1,0,0,1,-0.500576315,-0.502863973
0,1,1,1,0,1,0,0,0,1,0,0,1,-0.928628533,-0.502863973
1,0,2,1,0,1,0,0,1,0,0,0,1,-1.623342543,-0.198244277
0,0,0,1,0,0,0,1,1,0,0,0,1,0.025329757,-0.474004926
1,0,2,1,0,0,0,1,1,0,0,1,0,-1.662442602,-0.119886115
0,0,0,0,1,0,0,1,0,1,1,0,0,1.126050862,-0.113845709
1,0,0,1,0,1,0,0,1,0,1,0,0,0.025329757,1.49441243
0,0,0,1,0,0,0,1,0,1,0,0,1,-0.318180839,-0.356468689
1,0,2,0,1,1,0,0,1,0,1,0,0,-0.561721498,0.348245362
1,0,2,0,1,0,0,1,1,0,1,0,0,0.465618199,0.781141137
0,4,2,1,0,0,0,1,1,0,0,0,1,-1.515679789,-0.018709312
0,4,2,1,0,0,0,1,1,0,0,0,1,-1.368916975,-0.018709312
1,1,0,1,0,0,0,1,0,1,0,1,0,0.172092571,-0.124919787
0,1,0,0,1,1,0,0,0,1,1,0,0,1.492957896,1.49441243
0,0,0,1,0,0,0,1,0,1,1,0,0,2.520297594,-0.124919787
1,1,0,1,0,0,0,1,1,0,0,1,0,-0.781865719,-0.124919787
1,0,0,1,0,1,0,0,0,1,0,1,0,0.237198914,-0.369304552
0,1,1,1,0,0,0,1,0,1,0,0,1,0.245473978,-0.235157199
1,1,1,1,0,0,0,1,0,1,0,1,0,-1.589061195,0.091528101
1,0,2,0,1,1,0,0,0,1,1,0,0,-0.928628533,1.584178906
0,0,0,1,0,0,0,1,0,1,0,1,0,-0.194814463,-0.124919787
0,0,0,1,0,0,1,0,0,1,0,0,1,-0.243106304,-0.490783161
1,0,0,1,0,1,0,0,0,1,0,0,1,-0.561721498,-0.502948539
1,0,0,1,0,0,0,1,1,0,0,0,1,-0.561721498,-0.491874461
0,0,0,1,0,0,0,1,0,1,1,0,0,2.37353478,-0.113845709
1,1,0,0,1,1,0,0,1,0,1,0,0,1.346195082,0.148911959
0,0,0,1,0,1,0,0,0,1,1,0,0,0.648154449,3.932723049
1,1,1,0,1,0,0,1,1,0,1,0,0,0.68576242,0.955306181
1,1,0,1,0,0,0,1,1,0,0,0,1,0.465618199,-0.298078096
0,0,0,1,0,0,1,0,0,1,0,0,1,0.433007703,-0.492377828
0,0,0,1,0,0,0,1,0,1,0,0,1,0.759143827,-0.48944219
0,0,0,1,0,0,0,1,0,1,0,1,0,-0.121433057,-0.376603377
0,0,0,1,0,0,0,1,0,1,0,0,1,0.084094691,-0.486337422
0,0,0,1,0,0,0,1,1,0,0,0,1,0.084094691,-0.486337422
0,2,0,1,0,0,0,1,0,1,0,0,1,-0.414958684,-0.162168958
0,0,0,1,0,0,0,1,0,1,0,0,1,-0.781865719,-0.48944219
0,0,4,1,0,0,0,1,1,0,0,0,1,-0.04805165,-0.224083121
0,0,0,1,0,1,0,0,0,1,0,0,1,-0.500576315,-0.502863973
1,0,0,1,0,0,0,1,0,1,0,0,1,0.172092571,-0.490279793
1,0,0,1,0,0,0,1,0,1,0,1,0,2.37353478,-0.437007438
1,2,0,0,1,0,0,1,1,0,1,0,0,1.713102117,0.388095935
1,0,0,0,1,0,0,1,0,1,1,0,0,0.465618199,-0.117117595
1,0,0,1,0,0,1,0,1,0,0,0,1,0.433007703,-0.492377828
0,0,0,1,0,0,0,1,0,1,0,0,1,-1.00200994,-0.486337422
0,0,0,1,0,0,0,1,0,1,0,0,1,-0.781865719,-0.356468689
1,0,0,1,0,0,0,1,1,0,0,1,0,0.318855385,-0.38667072
1,1,0,0,1,0,0,1,1,0,1,0,0,0.68576242,0.47710736
0,1,0,1,0,1,0,0,1,0,0,0,1,-0.700129388,-0.357308306
1,0,0,1,0,0,0,1,0,1,0,0,1,0.172092571,-0.488854258
1,1,1,1,0,0,0,1,1,0,0,1,0,-0.341577277,-0.044381038
1,1,1,0,1,1,0,0,1,0,1,0,0,0.68576242,1.584178906
0,0,0,1,0,0,0,1,0,1,0,1,0,1.786483524,-0.124919787
0,0,0,0,1,1,0,0,0,1,1,0,0,0.465618199,0.15948267
0,0,0,1,0,1,0,0,0,1,0,0,1,-0.061636864,-0.472998191
1,0,2,0,1,0,0,1,1,0,1,0,0,-0.855247126,0.955306181
0,0,0,1,0,0,0,1,0,1,0,1,0,1.272813675,-0.346401346
1,1,1,0,1,1,0,0,0,1,1,0,0,2.226771966,0.946245572
0,0,0,1,0,0,0,1,0,1,0,0,1,-0.561721498,-0.486337422
0,0,0,1,0,0,0,1,0,1,0,0,1,0.084094691,-0.486337422
0,0,0,1,0,0,0,1,0,1,0,0,1,0.392236792,-0.504962007
1,1,0,0,1,1,0,0,1,0,1,0,0,1.63972071,0.927453868
0,0,0,1,0,0,0,1,0,1,0,0,1,1.272813675,-0.502445171
0,0,2,1,0,0,1,0,1,0,0,0,1,-0.299080594,-0.492377828
0,1,0,1,0,0,0,1,0,1,0,1,0,0.538999606,-0.124919787
0,1,1,1,0,0,0,1,0,1,0,0,1,0.465618199,-0.162168958
1,0,0,1,0,0,0,1,1,0,0,1,0,-0.419616656,0.016023024
0,0,0,1,0,0,0,1,0,1,0,0,1,1.419576489,-0.648421654
0,0,0,1,0,1,0,0,0,1,0,0,1,0.008993116,-0.502948539
1,1,0,0,1,1,0,0,0,1,1,0,0,1.419576489,0.49782998
1,2,1,1,0,0,0,1,1,0,0,1,0,-0.414958684,-0.1047851
0,0,0,1,0,0,0,1,0,1,0,0,1,-0.130785677,-0.48944219
0,0,0,1,0,0,0,1,0,1,1,0,0,0.607660142,0.205289083
0,0,0,1,0,0,0,1,0,1,0,0,1,1.052669455,-0.486337422
1,0,0,1,0,1,0,0,0,1,1,0,0,0.392236792,-0.113845709
0,1,0,1,0,0,0,1,0,1,0,0,1,0.465618199,-0.335327268
0,0,0,1,0,0,0,1,0,1,0,0,1,0.025329757,-0.48944219
1,0,0,1,0,0,0,1,0,1,1,0,0,-0.194814463,-0.034313694
1,1,2,1,0,1,0,0,1,0,0,1,0,-0.561721498,0.188762532
1,0,0,0,1,0,0,1,1,0,1,0,0,0.759143827,2.441497779
0,1,5,1,0,0,0,1,1,0,0,0,1,0.68576242,-0.018709312
0,0,0,1,0,0,0,1,0,1,0,0,1,-0.142298075,-0.506472109
1,1,0,1,0,0,1,0,1,0,0,0,1,0.261371536,-0.336334002
0,0,0,1,0,0,1,0,0,1,0,0,1,0.433007703,-0.492377828
0,0,0,1,0,0,0,1,0,1,0,0,1,0.392236792,-0.486337422
1,1,2,1,0,0,0,1,1,0,0,1,0,-0.414958684,0.660333014
0,1,1,1,0,0,0,1,0,1,0,0,1,0.318855385,-0.358482158
0,1,0,1,0,0,0,1,1,0,0,0,1,-0.26819587,-0.32425319
1,2,1,0,1,0,0,1,1,0,0,1,0,-1.882586823,0.136831147
0,0,0,1,0,0,0,1,0,1,0,1,0,-0.26819587,-0.437007438
0,1,0,1,0,1,0,0,0,1,0,0,1,-0.194814463,-0.357390858
1,1,0,0,1,0,0,1,0,1,1,0,0,0.905906641,0.409740724
1,1,1,1,0,1,0,0,0,1,0,0,1,-0.708484312,-0.331467448
0,0,0,1,0,0,0,1,0,1,0,0,1,-0.635102905,-0.490279793
0,0,0,1,0,0,0,1,0,1,0,0,1,-0.635102905,-0.32425319
0,0,0,0,1,0,0,1,0,1,1,0,0,2.300153373,0.002347544
0,0,0,1,0,0,1,0,0,1,0,1,0,2.006627745,-0.399758267
1,0,0,0,1,0,0,1,1,0,1,0,0,-0.635102905,0.921244331
0,0,0,1,0,0,0,1,0,1,0,0,1,-0.26819587,-0.48944219
0,0,0,1,0,0,1,0,0,1,0,0,1,-0.707778686,-0.492714077
1,0,0,0,1,0,0,1,0,1,1,0,0,3.694400105,-0.044381038
0,0,0,1,0,0,0,1,0,1,0,0,1,1.566339303,-0.506387543
1,0,0,0,1,1,0,0,0,1,1,0,0,0.172092571,-0.034313694
0,0,0,1,0,0,0,1,0,1,1,0,0,0.668770693,-0.648421654
0,3,2,1,0,0,0,1,1,0,0,0,1,-1.515679789,-0.086663881
1,0,0,1,0,0,0,1,1,0,0,1,0,-0.121433057,-0.38667072
0,0,0,1,0,0,0,1,0,1,0,0,1,0.172092571,-0.488854258
0,1,1,1,0,0,0,1,0,1,0,1,0,0.098711164,-0.119886115
0,0,5,1,0,0,0,1,1,0,0,0,1,0.832525234,0.150673744
0,1,0,1,0,0,0,1,0,1,0,0,1,-0.211061456,-0.32425319
0,0,0,1,0,0,0,1,0,1,0,0,1,-0.708484312,-0.490279793
1,0,0,0,1,1,0,0,1,0,1,0,0,-0.414958684,0.746912168
0,3,2,1,0,0,0,1,1,0,0,0,1,-2.029349637,-0.086663881
1,0,0,1,0,0,0,1,0,1,0,0,1,0.005436407,0.489103607
1,2,1,1,0,1,0,0,1,0,0,0,1,-2.121076396,-0.260661807
1,1,0,0,1,1,0,0,0,1,1,0,0,1.346195082,0.896496787
0,0,0,1,0,0,0,1,0,1,0,0,1,-0.781865719,-0.48944219
1,0,0,0,1,1,0,0,0,1,1,0,0,1.933246338,0.066359742
0,0,0,1,0,0,0,1,0,1,0,0,1,0.145626344,-0.496404765
1,0,0,1,0,0,0,1,1,0,0,0,1,-0.488340091,-0.496404765
0,0,0,1,0,0,0,1,0,1,0,0,1,-0.130785677,-0.48944219
1,0,1,1,0,0,0,1,1,0,0,1,0,-0.855247126,-0.185323848
0,0,0,1,0,0,0,1,0,1,0,0,1,-0.635102905,-0.478619796
1,0,0,1,0,0,1,0,1,0,0,0,1,-0.243106304,-0.490783161
0,0,0,1,0,0,1,0,1,0,0,0,1,-0.855247126,-0.512512515
0,2,0,1,0,0,0,1,0,1,0,1,0,-0.414958684,0.831477855
0,0,0,1,0,0,0,1,0,1,0,0,1,-0.130785677,-0.48944219
0,1,1,1,0,0,1,0,1,0,0,0,1,0.172092571,-0.336334002
0,0,0,1,0,0,0,1,0,1,0,1,0,-0.488340091,-0.38667072
0,0,2,0,1,1,0,0,0,1,1,0,0,2.080009152,1.632335038
1,2,0,1,0,0,0,1,0,1,1,0,0,1.492957896,2.042579289
0,0,0,1,0,1,0,0,0,1,0,0,1,0.759143827,-0.502948539
0,0,0,0,1,0,0,1,0,1,1,0,0,1.272813675,-0.133225345
0,0,0,1,0,0,0,1,0,1,0,0,1,0.465618199,-0.497496065
1,1,0,1,0,0,0,1,0,1,0,0,1,-0.708484312,-0.488854258
0,2,0,1,0,0,0,1,0,1,0,1,0,0.172092571,0.831477855
0,0,0,1,0,0,0,1,0,1,0,1,0,-0.341577277,-0.38667072
0,0,0,1,0,0,0,1,0,1,0,0,1,-0.148689639,-0.491874461
0,0,0,1,0,0,0,1,0,1,0,0,1,0.979288048,-0.486337422
1,1,0,0,1,0,0,1,1,0,1,0,0,0.710606103,0.39858208
1,1,1,1,0,0,0,1,1,0,0,1,0,0.759143827,0.136831147
0,1,0,0,1,0,0,1,0,1,1,0,0,0.098711164,0.39858208
0,0,0,1,0,0,0,1,0,1,0,1,0,2.960586035,-0.437007438
1,0,0,1,0,0,0,1,0,1,0,1,0,0.098711164,-0.38667072
0,0,0,1,0,0,0,1,0,1,0,1,0,0.389287607,-0.648421654
0,0,0,1,0,0,0,1,0,1,0,0,1,-0.855247126,-0.491874461
0,0,0,1,0,0,0,1,0,1,0,0,1,-0.378267981,-0.486337422
1,0,0,1,0,0,0,1,1,0,0,0,1,-0.855247126,-0.450262103
0,1,6,1,0,0,0,1,1,0,0,0,1,0.979288048,0.295895176
1,0,1,0,1,1,0,0,0,1,1,0,0,0.465618199,9.667166525
0,0,0,1,0,0,1,0,1,0,0,0,1,-0.424384896,-0.484575637
1,0,0,0,1,1,0,0,0,1,1,0,0,-0.194814463,0.896496787
0,0,0,1,0,0,0,1,0,1,0,0,1,-0.708484312,-0.462679164
0,5,2,1,0,0,0,1,0,1,0,0,1,-1.148772754,0.295895176
0,1,1,1,0,0,0,1,0,1,0,1,0,2.226771966,0.136831147
0,1,2,1,0,1,0,0,0,1,0,1,0,-0.341577277,0.188762532
0,4,1,1,0,0,0,1,0,1,0,0,1,-1.148772754,0.150673744
0,0,0,1,0,0,0,1,0,1,0,0,1,-0.781865719,-0.443635777
0,0,0,1,0,0,0,1,0,1,0,0,1,-0.855247126,-0.491455659
1,0,1,0,1,0,0,1,1,0,1,0,0,-1.075391347,3.6067928
1,1,0,0,1,0,0,1,0,1,1,0,0,0.098711164,0.499255516
1,0,1,1,0,1,0,0,1,0,0,0,1,-1.882586823,-0.378280596
1,0,0,1,0,0,0,1,0,1,0,0,1,0.005436407,0.489103607
0,0,0,1,0,1,0,0,0,1,0,0,1,-0.341577277,-0.502948539
0,0,0,1,0,0,0,1,0,1,1,0,0,2.226771966,-0.113845709
0,0,0,1,0,0,0,1,0,1,0,1,0,1.63972071,-0.376603377
0,0,0,1,0,0,0,1,0,1,0,0,1,1.052669455,-0.486337422
1,0,0,1,0,0,1,0,1,0,0,0,1,-0.707778686,-0.492714077
0,1,1,0,1,1,0,0,0,1,1,0,0,1.419576489,1.584178906
0,0,0,0,1,0,0,1,0,1,0,0,1,0.905906641,-0.494391297
1,1,0,0,1,1,0,0,1,0,1,0,0,-0.855247126,3.932723049
1,0,0,0,1,0,0,1,0,1,1,0,0,0.392236792,-0.119131064
0,0,1,1,0,1,0,0,1,0,0,0,1,-0.855247126,-0.357390858
0,0,0,1,0,0,1,0,0,1,0,0,1,-0.341577277,-0.492544946
0,1,0,1,0,0,0,1,0,1,0,0,1,-0.26819587,-0.490279793
0,0,0,1,0,0,0,1,0,1,0,1,0,0.68576242,-0.124919787
1,0,0,1,0,0,0,1,1,0,0,1,0,1.126050862,-0.376603377
1,0,0,0,1,0,0,1,0,1,1,0,0,0.905906641,-0.119131064
1,0,0,1,0,0,0,1,1,0,1,0,0,-0.561721498,2.40299019
1,1,1,1,0,1,0,0,0,1,0,0,1,-0.880759395,-0.34145224
1,0,0,0,1,1,0,0,1,0,1,0,0,-0.414958684,0.348329928
0,0,0,0,1,0,0,1,0,1,1,0,0,1.486674302,-0.113845709
1,1,0,0,1,0,0,1,0,1,1,0,0,1.346195082,0.39858208
0,0,0,1,0,0,0,1,0,1,0,0,1,-0.04805165,-0.457478375
0,0,0,1,0,0,0,1,0,1,0,1,0,1.63972071,-0.38667072
0,0,0,0,1,0,0,1,0,1,0,0,1,-0.781865719,-0.494391297
1,0,0,0,1,1,0,0,1,0,1,0,0,0.612381013,3.932723049
1,0,0,0,1,0,0,1,1,0,0,1,0,-0.194814463,-0.437007438
0,0,0,1,0,0,1,0,0,1,0,0,1,-0.180000592,-0.336334002
0,0,0,1,0,0,0,1,0,1,0,0,1,0.245473978,-0.491874461
1,0,1,1,0,0,0,1,1,0,0,1,0,-1.735824009,0.016023024
0,1,0,1,0,0,0,1,0,1,0,0,1,-0.928628533,-0.506387543
0,0,0,1,0,0,0,1,0,1,0,1,0,0.318855385,-0.38667072
0,0,0,1,0,0,0,1,0,1,0,1,0,1.492957896,-0.38667072
1,1,0,0,1,0,0,1,0,1,1,0,0,-0.194814463,0.420730236
0,0,0,1,0,0,0,1,0,1,0,0,1,-0.708484312,-0.474004926
1,3,0,1,0,0,0,1,1,0,0,1,0,0.025329757,-0.225593223
1,0,0,1,0,0,1,0,1,0,0,0,1,-0.707778686,-0.492629511
0,1,0,1,0,0,0,1,0,1,0,1,0,-0.341577277,-0.124919787
0,1,0,1,0,0,0,1,1,0,0,0,1,-0.341577277,-0.488854258
1,0,0,0,1,0,0,1,1,0,1,0,0,-0.04805165,3.6067928
0,0,0,1,0,1,0,0,0,1,0,0,1,-1.368916975,-0.270141218
0,0,0,1,0,0,0,1,0,1,0,1,0,0.389287607,-0.648421654
0,0,0,1,0,0,0,1,0,1,0,1,0,-0.488340091,-0.38667072
0,0,0,1,0,0,0,1,0,1,0,1,0,-0.488340091,-0.38667072
0,0,0,1,0,0,0,1,0,1,0,0,1,-0.084742353,-0.32425319
0,1,3,1,0,0,0,1,1,0,0,0,1,1.346195082,0.043708218
1,0,0,0,1,1,0,0,0,1,1,0,0,0.392236792,9.667166525
0,0,0,1,0,0,0,1,0,1,0,0,1,-0.130785677,-0.48944219
0,0,0,1,0,0,0,1,0,1,0,0,1,-0.130785677,-0.48944219
1,0,0,0,1,0,0,1,0,1,1,0,0,0.677249012,-0.044381038
0,1,0,0,1,0,0,1,0,1,1,0,0,0.465618199,0.939198431
1,2,2,0,1,1,0,0,1,0,1,0,0,-0.635102905,4.634416897
0,1,0,1,0,0,0,1,0,1,0,0,1,-0.414958684,-0.32425319
1,0,0,1,0,0,0,1,0,1,0,0,1,0.098711164,-0.488854258
0,1,1,0,1,0,0,1,0,1,1,0,0,2.960586035,0.781141137
0,1,1,1,0,0,0,1,0,1,0,0,1,-1.00200994,-0.240694238
1,0,0,1,0,0,0,1,1,0,0,1,0,0.025329757,-0.38667072
0,1,0,0,1,0,0,1,0,1,1,0,0,-0.781865719,0.420730236
0,0,0,1,0,0,1,0,0,1,0,0,1,0.098711164,-0.492377828
1,1,1,1,0,0,0,1,1,0,0,1,0,-1.882586823,-0.185323848
1,0,1,0,1,0,0,1,0,1,0,0,1,-1.735824009,-0.397241431
0,0,0,1,0,0,0,1,0,1,0,0,1,0.245473978,-0.457142125
0,0,0,1,0,0,0,1,0,1,0,0,1,-0.488340091,-0.48944219
1,1,2,1,0,0,0,1,1,0,0,1,0,1.346195082,0.660333014
1,1,1,1,0,0,0,1,0,1,0,1,0,-2.126946908,-0.356468689
0,0,0,1,0,0,0,1,0,1,0,0,1,-0.121433057,-0.491455659
0,0,0,1,0,0,0,1,0,1,0,1,0,-0.855247126,-0.416872751
0,0,0,1,0,0,0,1,0,1,0,0,1,0.318855385,-0.486337422
1,0,0,0,1,0,0,1,1,0,1,0,0,0.245473978,1.093228788
0,0,0,1,0,0,0,1,0,1,0,0,1,-0.318180839,-0.356468689
0,0,0,1,0,0,0,1,0,1,0,0,1,0.832525234,-0.504962007
1,0,0,1,0,1,0,0,0,1,0,0,1,-0.708484312,-0.502863973
1,1,2,0,1,0,0,1,1,0,1,0,0,0.465618199,1.767740809
0,0,0,1,0,0,0,1,0,1,0,0,1,-1.00200994,-0.491874461
1,1,0,0,1,0,0,1,1,0,1,0,0,1.566339303,0.921244331
0,0,0,1,0,1,0,0,0,1,1,0,0,0.703276989,0.148911959
0,0,0,1,0,0,1,0,1,0,0,0,1,0.062020461,-0.492377828
0,1,0,1,0,0,1,0,0,1,0,0,1,0.256945938,-0.162168958
0,0,0,1,0,0,0,1,0,1,0,0,1,0.172092571,-0.480045332
0,0,0,1,0,0,0,1,0,1,0,0,1,-0.414958684,-0.457142125
0,0,0,1,0,0,0,1,0,1,0,0,1,1.346195082,-0.490279793
0,0,0,0,1,0,0,1,1,0,0,1,0,2.006627745,-0.437007438
0,0,0,1,0,1,0,0,0,1,0,0,1,0.008993116,-0.502948539
1,1,3,1,0,0,0,1,1,0,0,1,0,1.786483524,-0.185323848
0,0,0,1,0,0,0,1,0,1,0,0,1,-0.855247126,-0.492377828
0,0,0,0,1,0,1,0,0,1,0,0,1,0.433007703,-0.492377828
1,0,0,1,0,0,0,1,1,0,0,0,1,-1.809205416,-0.397241431
0,0,0,1,0,0,1,0,0,1,0,0,1,-0.707778686,-0.492629511
1,0,1,0,1,0,0,1,1,0,1,0,0,0.979288048,3.6067928
1,0,0,1,0,1,0,0,1,0,0,0,1,-1.222154161,-0.502863973
1,1,0,0,1,0,0,1,1,0,1,0,0,-0.928628533,0.499255516
0,0,0,0,1,0,0,1,0,1,1,0,0,-0.04805165,-0.044381038
0,1,2,1,0,0,0,1,0,1,0,0,1,-1.055785844,-0.176263239
0,0,0,1,0,0,0,1,0,1,0,0,1,-0.341577277,-0.506472109
0,0,0,1,0,0,0,1,0,1,0,0,1,-0.341577277,-0.502445171
1,0,0,1,0,0,0,1,1,0,0,0,1,-0.855247126,-0.497496065
0,4,1,1,0,0,1,0,0,1,0,0,1,-1.589061195,-0.061998889
1,1,2,1,0,0,0,1,0,1,0,0,1,-2.102731044,-0.234150465
0,0,0,0,1,1,0,0,0,1,1,0,0,1.199432269,0.946245572
0,0,0,1,0,0,1,0,0,1,0,0,1,0.433007703,-0.492377828
0,0,0,1,0,0,0,1,0,1,0,1,0,-1.00200994,-0.124919787
0,8,2,1,0,0,0,1,1,0,0,0,1,-1.378926363,0.75194584
0,0,0,1,0,1,0,0,0,1,1,0,0,1.52840097,-0.030371323
0,0,0,1,0,0,0,1,0,1,0,0,1,-0.341577277,-0.48944219
0,0,0,1,0,0,0,1,0,1,0,1,0,0.68576242,-0.38667072
1,0,0,0,1,0,0,1,1,0,1,0,0,1.419576489,-0.126345323
1,0,0,1,0,0,0,1,1,0,0,0,1,0.098711164,-0.473586124
0,0,0,1,0,1,0,0,0,1,0,0,1,0.025329757,-0.502863973
0,1,1,1,0,0,0,1,1,0,0,0,1,0.025329757,-0.162168958
0,0,0,1,0,0,0,1,0,1,0,1,0,0.318855385,-0.38667072
1,1,1,1,0,0,0,1,1,0,0,1,0,0.098711164,-0.119886115
1,1,2,0,1,0,0,1,0,1,1,0,0,-1.368916975,1.767740809
1,0,1,1,0,1,0,0,0,1,0,0,1,-2.14529226,-0.476940563
1,0,0,1,0,0,0,1,0,1,0,0,1,-0.194814463,-0.50798221
0,0,0,1,0,0,0,1,0,1,0,0,1,0.098711164,-0.491874461
0,0,0,0,1,0,0,1,0,1,1,0,0,0.68576242,-0.648421654
0,0,0,1,0,0,0,1,1,0,0,0,1,-0.855247126,-0.491874461
0,0,0,1,0,0,0,1,0,1,0,1,0,0.68576242,-0.38667072
1,1,0,0,1,0,0,1,1,0,1,0,0,0.245473978,0.420730236
0,0,0,1,0,0,0,1,0,1,0,0,1,-0.26819587,-0.489609308
0,0,0,1,0,0,0,1,0,1,0,0,1,0.68576242,-0.162168958
0,0,0,1,0,0,0,1,0,1,0,1,0,0.392236792,-0.437007438
0,4,2,1,0,0,0,1,1,0,0,0,1,-1.735824009,-0.018709312
0,0,0,1,0,0,0,1,0,1,0,0,1,0.062020461,-0.486337422
0,0,0,0,1,0,0,1,0,1,1,0,0,0.668770693,-0.648421654
0,0,0,1,0,0,0,1,1,0,0,0,1,-0.488340091,-0.488854258
0,1,1,1,0,1,0,0,0,1,0,1,0,0.098711164,0.096646338
0,0,0,1,0,0,0,1,0,1,0,0,1,0.979288048,-0.518552921
0,3,2,1,0,0,0,1,0,1,0,0,1,-1.442298382,-0.086663881
1,1,1,0,1,0,0,1,1,0,1,0,0,1.63972071,1.234171598
1,0,0,1,0,0,0,1,0,1,0,0,1,-0.194814463,-0.474004926
0,0,0,1,0,0,0,1,0,1,1,0,0,0.612381013,-0.648421654
1,0,1,0,1,0,0,1,1,0,0,0,1,-0.194814463,-0.397241431
0,4,1,1,0,0,0,1,0,1,0,0,1,-2.029349637,0.150673744
0,0,0,1,0,0,1,0,0,1,0,0,1,0.330365929,-0.508485578
0,0,0,1,0,0,0,1,0,1,0,0,1,0.005436407,0.489103607
1,0,2,1,0,1,0,0,0,1,0,1,0,-2.102731044,0.096646338
1,0,0,1,0,0,1,0,0,1,0,0,1,0.433007703,-0.492377828
1,0,0,0,1,0,0,0,1,0,1,0,0,2.37353478,0.962353321
1,1,0,1,0,1,0,0,1,0,0,0,1,-1.075391347,-0.357390858
1,1,1,1,0,0,0,1,0,1,0,1,0,-2.115205883,-0.270896269
0,0,0,1,0,1,0,0,0,1,0,0,1,-0.500576315,-0.502863973
0,0,0,1,0,0,0,1,0,1,0,0,1,-0.488340091,-0.490279793
0,0,0,1,0,0,0,1,0,1,0,0,1,-0.855247126,-0.48130375
1,1,1,0,1,1,0,0,1,0,1,0,0,0.68576242,1.025944704
0,0,0,1,0,0,0,1,0,1,0,0,1,-0.635102905,-0.474004926
0,0,0,1,0,0,0,1,0,1,0,0,1,0.084094691,-0.486337422
1,0,0,1,0,0,0,1,0,1,0,0,1,0.172092571,0.489103607
1,0,0,0,1,1,0,0,0,1,1,0,0,1.545936651,-0.050421444
0,0,0,1,0,0,0,1,0,1,0,0,1,-0.708484312,-0.488854258
0,0,0,1,0,0,0,1,0,1,0,1,0,-1.00200994,-0.437007438
1,0,0,1,0,1,0,0,1,0,1,0,0,0.025329757,-0.024246351
0,0,0,1,0,1,0,0,0,1,0,0,1,0.355546089,-0.518804605
0,0,0,1,0,0,0,1,0,1,0,0,1,-0.928628533,-0.474004926
0,0,0,1,0,0,0,1,0,1,0,0,1,0.905906641,-0.496404765
0,8,2,1,0,0,0,1,0,1,0,0,1,-1.378926363,0.75194584
0,0,0,1,0,1,0,0,0,1,0,0,1,0.392236792,-0.48944219
0,0,1,1,0,0,0,1,0,1,0,1,0,-0.121433057,0.016023024
1,1,0,0,1,1,0,0,1,0,1,0,0,1.12778275,1.14566354
0,4,2,1,0,0,0,1,0,1,0,0,1,-1.882586823,-0.018709312
0,0,0,1,0,0,0,1,0,1,0,0,1,3.254111663,-0.491874461
0,1,1,1,0,1,0,0,1,0,0,0,1,-1.515679789,-0.34145224
1,0,1,0,1,0,0,1,1,0,1,0,0,-1.00200994,0.144885022
0,1,0,1,0,0,0,1,1,0,0,1,0,1.052669455,-0.124919787
1,0,1,1,0,0,0,1,1,0,0,0,1,-0.855247126,-0.460162328
1,1,1,1,0,0,0,1,1,0,1,0,0,1.126050862,2.671117778
1,0,0,0,1,0,0,1,0,1,1,0,0,1.566339303,-0.113845709
1,0,3,1,0,1,0,0,1,0,0,0,1,-0.414958684,-0.260661807
0,0,0,1,0,1,0,0,0,1,0,0,1,-0.500576315,-0.502863973
0,2,0,1,0,0,0,1,0,1,0,0,1,0.832525234,-0.364355446
0,1,0,1,0,0,0,1,0,1,0,1,0,-0.635102905,-0.416872751
1,0,0,0,1,0,0,1,1,0,1,0,0,1.346195082,-0.126345323
0,8,2,1,0,0,0,1,1,0,0,0,1,-1.378926363,0.75194584
0,0,0,1,0,0,0,1,0,1,0,1,0,-0.414958684,-0.38667072
1,0,0,1,0,0,0,1,1,0,0,1,0,0.905906641,-0.38667072
1,1,0,1,0,1,0,0,1,0,0,1,0,-0.194814463,-0.369389118
0,0,0,0,1,0,0,1,0,1,1,0,0,0.098711164,0.368295484
0,0,0,1,0,0,0,1,0,1,0,0,1,-0.260697564,-0.457142125
1,1,1,1,0,0,0,1,0,1,0,0,1,-1.882586823,-0.424256141
0,0,0,1,0,0,0,1,0,1,0,0,1,-0.26819587,-0.48944219
1,1,1,0,1,0,0,1,1,0,1,0,0,1.272813675,0.409740724
0,0,0,0,1,0,0,1,0,1,1,0,0,0.245473978,-0.547748218
0,0,0,1,0,0,0,1,0,1,0,0,1,1.272813675,-0.467209469
1,1,0,1,0,1,0,0,1,0,0,1,0,-0.121433057,-0.165189161
1,0,0,1,0,1,0,0,1,0,0,0,1,-1.075391347,-0.502948539
0,0,0,1,0,0,0,1,0,1,0,0,1,-0.708484312,-0.45017955
0,0,0,1,0,0,0,1,0,1,0,0,1,-0.781865719,-0.48944219
0,0,0,1,0,0,0,1,0,1,0,0,1,-0.130785677,-0.48944219
1,0,1,0,1,1,0,0,1,0,1,0,0,1.933246338,1.025944704
1,0,1,1,0,0,0,1,1,0,0,1,0,-0.341577277,-0.124919787
0,0,0,1,0,0,0,1,0,1,0,0,1,0.245473978,-0.48944219
0,0,0,1,0,0,0,1,1,0,0,0,1,-0.561721498,-0.436671189
0,0,0,1,0,0,0,1,0,1,0,1,0,-0.121433057,-0.437007438
0,0,0,1,0,0,0,1,0,1,0,0,1,-0.341577277,-0.506472109
0,0,5,1,0,0,1,0,1,0,0,0,1,0.68576242,-0.061998889
0,0,0,1,0,0,0,1,0,1,0,1,0,-0.194814463,-0.38667072
1,0,0,0,1,0,0,1,1,0,1,0,0,-0.781865719,-0.044381038
0,1,2,1,0,0,0,1,1,0,0,0,1,-1.055785844,-0.176263239
1,0,0,0,1,1,0,0,0,1,1,0,0,-0.26819587,-0.044381038
0,0,0,1,0,0,1,0,0,1,0,0,1,0.172092571,-0.492377828
